district,predicted_year,predicted_week,predicted_cases,confidence_low,confidence_high
Ampara,2026,20,5,3,7
Anuradhapura,2026,20,10,8,12
Badulla,2026,20,12,10,14
Batticaloa,2026,20,42,36,48
Colombo,2026,20,370,314,426
Galle,2026,20,76,65,87
Gampaha,2026,20,286,243,329
Hambantota,2026,20,46,39,53
Jaffna,2026,20,19,16,22
Kalmunai,2026,20,44,37,51
Kalutara,2026,20,133,113,153
Kandy,2026,20,106,90,122
Kegalle,2026,20,58,49,67
Kilinochchi,2026,20,1,0,3
Kurunegala,2026,20,54,46,62
Mannar,2026,20,1,0,3
Matale,2026,20,10,8,12
Matara,2026,20,100,85,115
Monaragala,2026,20,31,26,36
Mullaitivu,2026,20,1,0,3
Nuwara Eliya,2026,20,5,3,7
Polonnaruwa,2026,20,9,7,11
Puttalam,2026,20,25,21,29
Ratnapura,2026,20,165,140,190
Trincomalee,2026,20,27,23,31
Vavuniya,2026,20,2,0,4
Ampara,2026,21,8,6,10
Anuradhapura,2026,21,8,6,10
Badulla,2026,21,13,11,15
Batticaloa,2026,21,43,37,49
Colombo,2026,21,341,290,392
Galle,2026,21,105,89,121
Gampaha,2026,21,337,286,388
Hambantota,2026,21,47,40,54
Jaffna,2026,21,18,15,21
Kalmunai,2026,21,42,36,48
Kalutara,2026,21,134,114,154
Kandy,2026,21,142,121,163
Kegalle,2026,21,67,57,77
Kilinochchi,2026,21,0,0,2
Kurunegala,2026,21,49,42,56
Mannar,2026,21,2,0,4
Matale,2026,21,12,10,14
Matara,2026,21,101,86,116
Monaragala,2026,21,28,24,32
Mullaitivu,2026,21,1,0,3
Nuwara Eliya,2026,21,8,6,10
Polonnaruwa,2026,21,12,10,14
Puttalam,2026,21,22,19,25
Ratnapura,2026,21,202,172,232
Trincomalee,2026,21,21,18,24
Vavuniya,2026,21,3,1,5
Ampara,2026,22,5,3,7
Anuradhapura,2026,22,10,8,12
Badulla,2026,22,25,21,29
Batticaloa,2026,22,46,39,53
Colombo,2026,22,483,411,555
Galle,2026,22,132,112,152
Gampaha,2026,22,407,346,468
Hambantota,2026,22,53,45,61
Jaffna,2026,22,16,14,18
Kalmunai,2026,22,44,37,51
Kalutara,2026,22,185,157,213
Kandy,2026,22,202,172,232
Kegalle,2026,22,70,60,80
Kilinochchi,2026,22,2,0,4
Kurunegala,2026,22,50,42,58
Mannar,2026,22,2,0,4
Matale,2026,22,12,10,14
Matara,2026,22,165,140,190
Monaragala,2026,22,30,26,34
Mullaitivu,2026,22,2,0,4
Nuwara Eliya,2026,22,12,10,14
Polonnaruwa,2026,22,14,12,16
Puttalam,2026,22,26,22,30
Ratnapura,2026,22,233,198,268
Trincomalee,2026,22,25,21,29
Vavuniya,2026,22,2,0,4
Ampara,2026,23,7,5,9
Anuradhapura,2026,23,11,9,13
Badulla,2026,23,29,25,33
Batticaloa,2026,23,44,37,51
Colombo,2026,23,520,442,598
Galle,2026,23,143,122,164
Gampaha,2026,23,505,429,581
Hambantota,2026,23,66,56,76
Jaffna,2026,23,16,14,18
Kalmunai,2026,23,38,32,44
Kalutara,2026,23,261,222,300
Kandy,2026,23,192,163,221
Kegalle,2026,23,76,65,87
Kilinochchi,2026,23,2,0,4
Kurunegala,2026,23,70,60,80
Mannar,2026,23,2,0,4
Matale,2026,23,19,16,22
Matara,2026,23,195,166,224
Monaragala,2026,23,27,23,31
Mullaitivu,2026,23,2,0,4
Nuwara Eliya,2026,23,11,9,13
Polonnaruwa,2026,23,13,11,15
Puttalam,2026,23,23,20,26
Ratnapura,2026,23,156,133,179
Trincomalee,2026,23,25,21,29
Vavuniya,2026,23,5,3,7
Ampara,2026,24,13,11,15
Anuradhapura,2026,24,14,12,16
Badulla,2026,24,47,40,54
Batticaloa,2026,24,46,39,53
Colombo,2026,24,679,577,781
Galle,2026,24,129,110,148
Gampaha,2026,24,605,514,696
Hambantota,2026,24,86,73,99
Jaffna,2026,24,18,15,21
Kalmunai,2026,24,35,30,40
Kalutara,2026,24,317,269,365
Kandy,2026,24,300,255,345
Kegalle,2026,24,97,82,112
Kilinochchi,2026,24,3,1,5
Kurunegala,2026,24,75,64,86
Mannar,2026,24,3,1,5
Matale,2026,24,41,35,47
Matara,2026,24,223,190,256
Monaragala,2026,24,31,26,36
Mullaitivu,2026,24,3,1,5
Nuwara Eliya,2026,24,17,14,20
Polonnaruwa,2026,24,20,17,23
Puttalam,2026,24,51,43,59
Ratnapura,2026,24,262,223,301
Trincomalee,2026,24,28,24,32
Vavuniya,2026,24,4,2,6
Ampara,2026,25,15,13,17
Anuradhapura,2026,25,16,14,18
Badulla,2026,25,52,44,60
Batticaloa,2026,25,46,39,53
Colombo,2026,25,676,575,777
Galle,2026,25,132,112,152
Gampaha,2026,25,604,513,695
Hambantota,2026,25,87,74,100
Jaffna,2026,25,16,14,18
Kalmunai,2026,25,32,27,37
Kalutara,2026,25,321,273,369
Kandy,2026,25,299,254,344
Kegalle,2026,25,100,85,115
Kilinochchi,2026,25,4,2,6
Kurunegala,2026,25,79,67,91
Mannar,2026,25,2,0,4
Matale,2026,25,50,42,58
Matara,2026,25,223,190,256
Monaragala,2026,25,32,27,37
Mullaitivu,2026,25,3,1,5
Nuwara Eliya,2026,25,21,18,24
Polonnaruwa,2026,25,20,17,23
Puttalam,2026,25,56,48,64
Ratnapura,2026,25,258,219,297
Trincomalee,2026,25,28,24,32
Vavuniya,2026,25,5,3,7
Ampara,2026,26,19,16,22
Anuradhapura,2026,26,39,33,45
Badulla,2026,26,61,52,70
Batticaloa,2026,26,41,35,47
Colombo,2026,26,1141,970,1312
Galle,2026,26,237,201,273
Gampaha,2026,26,1108,942,1274
Hambantota,2026,26,166,141,191
Jaffna,2026,26,18,15,21
Kalmunai,2026,26,33,28,38
Kalutara,2026,26,434,369,499
Kandy,2026,26,431,366,496
Kegalle,2026,26,134,114,154
Kilinochchi,2026,26,3,1,5
Kurunegala,2026,26,95,81,109
Mannar,2026,26,2,0,4
Matale,2026,26,57,48,66
Matara,2026,26,360,306,414
Monaragala,2026,26,74,63,85
Mullaitivu,2026,26,2,0,4
Nuwara Eliya,2026,26,46,39,53
Polonnaruwa,2026,26,30,26,34
Puttalam,2026,26,106,90,122
Ratnapura,2026,26,137,116,158
Trincomalee,2026,26,20,17,23
Vavuniya,2026,26,6,4,8
Ampara,2026,27,40,34,46
Anuradhapura,2026,27,81,69,93
Badulla,2026,27,98,83,113
Batticaloa,2026,27,43,37,49
Colombo,2026,27,967,822,1112
Galle,2026,27,235,200,270
Gampaha,2026,27,1472,1251,1693
Hambantota,2026,27,118,100,136
Jaffna,2026,27,18,15,21
Kalmunai,2026,27,42,36,48
Kalutara,2026,27,439,373,505
Kandy,2026,27,463,394,532
Kegalle,2026,27,192,163,221
Kilinochchi,2026,27,3,1,5
Kurunegala,2026,27,178,151,205
Mannar,2026,27,3,1,5
Matale,2026,27,48,41,55
Matara,2026,27,339,288,390
Monaragala,2026,27,79,67,91
Mullaitivu,2026,27,2,0,4
Nuwara Eliya,2026,27,47,40,54
Polonnaruwa,2026,27,42,36,48
Puttalam,2026,27,161,137,185
Ratnapura,2026,27,202,172,232
Trincomalee,2026,27,21,18,24
Vavuniya,2026,27,5,3,7
Ampara,2026,28,43,37,49
Anuradhapura,2026,28,75,64,86
Badulla,2026,28,126,107,145
Batticaloa,2026,28,59,50,68
Colombo,2026,28,1422,1209,1635
Galle,2026,28,379,322,436
Gampaha,2026,28,1525,1296,1754
Hambantota,2026,28,196,167,225
Jaffna,2026,28,38,32,44
Kalmunai,2026,28,63,54,72
Kalutara,2026,28,631,536,726
Kandy,2026,28,580,493,667
Kegalle,2026,28,189,161,217
Kilinochchi,2026,28,2,0,4
Kurunegala,2026,28,235,200,270
Mannar,2026,28,4,2,6
Matale,2026,28,73,62,84
Matara,2026,28,565,480,650
Monaragala,2026,28,84,71,97
Mullaitivu,2026,28,1,0,3
Nuwara Eliya,2026,28,78,66,90
Polonnaruwa,2026,28,50,42,58
Puttalam,2026,28,143,122,164
Ratnapura,2026,28,306,260,352
Trincomalee,2026,28,34,29,39
Vavuniya,2026,28,6,4,8
Ampara,2026,29,47,40,54
Anuradhapura,2026,29,62,53,71
Badulla,2026,29,163,139,187
Batticaloa,2026,29,54,46,62
Colombo,2026,29,1337,1136,1538
Galle,2026,29,400,340,460
Gampaha,2026,29,1497,1272,1722
Hambantota,2026,29,148,126,170
Jaffna,2026,29,35,30,40
Kalmunai,2026,29,45,38,52
Kalutara,2026,29,529,450,608
Kandy,2026,29,592,503,681
Kegalle,2026,29,189,161,217
Kilinochchi,2026,29,5,3,7
Kurunegala,2026,29,201,171,231
Mannar,2026,29,3,1,5
Matale,2026,29,64,54,74
Matara,2026,29,360,306,414
Monaragala,2026,29,88,75,101
Mullaitivu,2026,29,2,0,4
Nuwara Eliya,2026,29,50,42,58
Polonnaruwa,2026,29,67,57,77
Puttalam,2026,29,178,151,205
Ratnapura,2026,29,349,297,401
Trincomalee,2026,29,16,14,18
Vavuniya,2026,29,11,9,13
Ampara,2026,30,59,50,68
Anuradhapura,2026,30,89,76,102
Badulla,2026,30,97,82,112
Batticaloa,2026,30,45,38,52
Colombo,2026,30,1246,1059,1433
Galle,2026,30,268,228,308
Gampaha,2026,30,1458,1239,1677
Hambantota,2026,30,160,136,184
Jaffna,2026,30,44,37,51
Kalmunai,2026,30,53,45,61
Kalutara,2026,30,456,388,524
Kandy,2026,30,578,491,665
Kegalle,2026,30,220,187,253
Kilinochchi,2026,30,4,2,6
Kurunegala,2026,30,252,214,290
Mannar,2026,30,6,4,8
Matale,2026,30,81,69,93
Matara,2026,30,419,356,482
Monaragala,2026,30,85,72,98
Mullaitivu,2026,30,3,1,5
Nuwara Eliya,2026,30,84,71,97
Polonnaruwa,2026,30,34,29,39
Puttalam,2026,30,210,178,242
Ratnapura,2026,30,315,268,362
Trincomalee,2026,30,23,20,26
Vavuniya,2026,30,8,6,10
Ampara,2026,31,33,28,38
Anuradhapura,2026,31,51,43,59
Badulla,2026,31,144,122,166
Batticaloa,2026,31,47,40,54
Colombo,2026,31,1181,1004,1358
Galle,2026,31,250,212,288
Gampaha,2026,31,1121,953,1289
Hambantota,2026,31,101,86,116
Jaffna,2026,31,27,23,31
Kalmunai,2026,31,44,37,51
Kalutara,2026,31,394,335,453
Kandy,2026,31,438,372,504
Kegalle,2026,31,158,134,182
Kilinochchi,2026,31,4,2,6
Kurunegala,2026,31,177,150,204
Mannar,2026,31,4,2,6
Matale,2026,31,61,52,70
Matara,2026,31,267,227,307
Monaragala,2026,31,61,52,70
Mullaitivu,2026,31,2,0,4
Nuwara Eliya,2026,31,59,50,68
Polonnaruwa,2026,31,43,37,49
Puttalam,2026,31,118,100,136
Ratnapura,2026,31,229,195,263
Trincomalee,2026,31,15,13,17
Vavuniya,2026,31,8,6,10
Ampara,2026,32,38,32,44
Anuradhapura,2026,32,59,50,68
Badulla,2026,32,85,72,98
Batticaloa,2026,32,47,40,54
Colombo,2026,32,694,590,798
Galle,2026,32,227,193,261
Gampaha,2026,32,573,487,659
Hambantota,2026,32,87,74,100
Jaffna,2026,32,39,33,45
Kalmunai,2026,32,37,31,43
Kalutara,2026,32,331,281,381
Kandy,2026,32,323,275,371
Kegalle,2026,32,167,142,192
Kilinochchi,2026,32,4,2,6
Kurunegala,2026,32,129,110,148
Mannar,2026,32,5,3,7
Matale,2026,32,60,51,69
Matara,2026,32,163,139,187
Monaragala,2026,32,65,55,75
Mullaitivu,2026,32,4,2,6
Nuwara Eliya,2026,32,42,36,48
Polonnaruwa,2026,32,32,27,37
Puttalam,2026,32,105,89,121
Ratnapura,2026,32,143,122,164
Trincomalee,2026,32,18,15,21
Vavuniya,2026,32,9,7,11
Ampara,2026,33,35,30,40
Anuradhapura,2026,33,41,35,47
Badulla,2026,33,54,46,62
Batticaloa,2026,33,39,33,45
Colombo,2026,33,558,474,642
Galle,2026,33,119,101,137
Gampaha,2026,33,588,500,676
Hambantota,2026,33,68,58,78
Jaffna,2026,33,40,34,46
Kalmunai,2026,33,38,32,44
Kalutara,2026,33,209,178,240
Kandy,2026,33,299,254,344
Kegalle,2026,33,110,94,126
Kilinochchi,2026,33,4,2,6
Kurunegala,2026,33,85,72,98
Mannar,2026,33,4,2,6
Matale,2026,33,52,44,60
Matara,2026,33,91,77,105
Monaragala,2026,33,46,39,53
Mullaitivu,2026,33,6,4,8
Nuwara Eliya,2026,33,36,31,41
Polonnaruwa,2026,33,25,21,29
Puttalam,2026,33,89,76,102
Ratnapura,2026,33,154,131,177
Trincomalee,2026,33,14,12,16
Vavuniya,2026,33,7,5,9
Ampara,2026,34,30,26,34
Anuradhapura,2026,34,40,34,46
Badulla,2026,34,66,56,76
Batticaloa,2026,34,37,31,43
Colombo,2026,34,509,433,585
Galle,2026,34,110,94,126
Gampaha,2026,34,463,394,532
Hambantota,2026,34,56,48,64
Jaffna,2026,34,27,23,31
Kalmunai,2026,34,51,43,59
Kalutara,2026,34,137,116,158
Kandy,2026,34,235,200,270
Kegalle,2026,34,103,88,118
Kilinochchi,2026,34,5,3,7
Kurunegala,2026,34,78,66,90
Mannar,2026,34,3,1,5
Matale,2026,34,41,35,47
Matara,2026,34,94,80,108
Monaragala,2026,34,45,38,52
Mullaitivu,2026,34,3,1,5
Nuwara Eliya,2026,34,34,29,39
Polonnaruwa,2026,34,24,20,28
Puttalam,2026,34,62,53,71
Ratnapura,2026,34,85,72,98
Trincomalee,2026,34,14,12,16
Vavuniya,2026,34,7,5,9
Ampara,2026,35,23,20,26
Anuradhapura,2026,35,40,34,46
Badulla,2026,35,41,35,47
Batticaloa,2026,35,34,29,39
Colombo,2026,35,326,277,375
Galle,2026,35,91,77,105
Gampaha,2026,35,238,202,274
Hambantota,2026,35,52,44,60
Jaffna,2026,35,28,24,32
Kalmunai,2026,35,33,28,38
Kalutara,2026,35,131,111,151
Kandy,2026,35,151,128,174
Kegalle,2026,35,90,76,104
Kilinochchi,2026,35,3,1,5
Kurunegala,2026,35,62,53,71
Mannar,2026,35,3,1,5
Matale,2026,35,39,33,45
Matara,2026,35,63,54,72
Monaragala,2026,35,41,35,47
Mullaitivu,2026,35,4,2,6
Nuwara Eliya,2026,35,25,21,29
Polonnaruwa,2026,35,18,15,21
Puttalam,2026,35,48,41,55
Ratnapura,2026,35,80,68,92
Trincomalee,2026,35,10,8,12
Vavuniya,2026,35,4,2,6
Ampara,2026,36,23,20,26
Anuradhapura,2026,36,35,30,40
Badulla,2026,36,43,37,49
Batticaloa,2026,36,37,31,43
Colombo,2026,36,258,219,297
Galle,2026,36,93,79,107
Gampaha,2026,36,181,154,208
Hambantota,2026,36,52,44,60
Jaffna,2026,36,28,24,32
Kalmunai,2026,36,39,33,45
Kalutara,2026,36,129,110,148
Kandy,2026,36,139,118,160
Kegalle,2026,36,93,79,107
Kilinochchi,2026,36,4,2,6
Kurunegala,2026,36,66,56,76
Mannar,2026,36,3,1,5
Matale,2026,36,41,35,47
Matara,2026,36,70,60,80
Monaragala,2026,36,41,35,47
Mullaitivu,2026,36,5,3,7
Nuwara Eliya,2026,36,24,20,28
Polonnaruwa,2026,36,16,14,18
Puttalam,2026,36,53,45,61
Ratnapura,2026,36,92,78,106
Trincomalee,2026,36,11,9,13
Vavuniya,2026,36,5,3,7
Ampara,2026,37,22,19,25
Anuradhapura,2026,37,31,26,36
Badulla,2026,37,43,37,49
Batticaloa,2026,37,38,32,44
Colombo,2026,37,221,188,254
Galle,2026,37,96,82,110
Gampaha,2026,37,164,139,189
Hambantota,2026,37,48,41,55
Jaffna,2026,37,25,21,29
Kalmunai,2026,37,41,35,47
Kalutara,2026,37,128,109,147
Kandy,2026,37,137,116,158
Kegalle,2026,37,96,82,110
Kilinochchi,2026,37,4,2,6
Kurunegala,2026,37,66,56,76
Mannar,2026,37,2,0,4
Matale,2026,37,42,36,48
Matara,2026,37,74,63,85
Monaragala,2026,37,40,34,46
Mullaitivu,2026,37,5,3,7
Nuwara Eliya,2026,37,23,20,26
Polonnaruwa,2026,37,14,12,16
Puttalam,2026,37,50,42,58
Ratnapura,2026,37,94,80,108
Trincomalee,2026,37,10,8,12
Vavuniya,2026,37,5,3,7
Ampara,2026,38,22,19,25
Anuradhapura,2026,38,29,25,33
Badulla,2026,38,41,35,47
Batticaloa,2026,38,39,33,45
Colombo,2026,38,196,167,225
Galle,2026,38,98,83,113
Gampaha,2026,38,154,131,177
Hambantota,2026,38,43,37,49
Jaffna,2026,38,22,19,25
Kalmunai,2026,38,41,35,47
Kalutara,2026,38,129,110,148
Kandy,2026,38,135,115,155
Kegalle,2026,38,99,84,114
Kilinochchi,2026,38,5,3,7
Kurunegala,2026,38,66,56,76
Mannar,2026,38,1,0,3
Matale,2026,38,45,38,52
Matara,2026,38,74,63,85
Monaragala,2026,38,40,34,46
Mullaitivu,2026,38,6,4,8
Nuwara Eliya,2026,38,21,18,24
Polonnaruwa,2026,38,13,11,15
Puttalam,2026,38,44,37,51
Ratnapura,2026,38,97,82,112
Trincomalee,2026,38,10,8,12
Vavuniya,2026,38,5,3,7
Ampara,2026,39,22,19,25
Anuradhapura,2026,39,29,25,33
Badulla,2026,39,40,34,46
Batticaloa,2026,39,41,35,47
Colombo,2026,39,179,152,206
Galle,2026,39,102,87,117
Gampaha,2026,39,144,122,166
Hambantota,2026,39,41,35,47
Jaffna,2026,39,20,17,23
Kalmunai,2026,39,43,37,49
Kalutara,2026,39,133,113,153
Kandy,2026,39,133,113,153
Kegalle,2026,39,101,86,116
Kilinochchi,2026,39,5,3,7
Kurunegala,2026,39,66,56,76
Mannar,2026,39,1,0,3
Matale,2026,39,46,39,53
Matara,2026,39,79,67,91
Monaragala,2026,39,41,35,47
Mullaitivu,2026,39,6,4,8
Nuwara Eliya,2026,39,20,17,23
Polonnaruwa,2026,39,12,10,14
Puttalam,2026,39,38,32,44
Ratnapura,2026,39,101,86,116
Trincomalee,2026,39,9,7,11
Vavuniya,2026,39,5,3,7
Ampara,2026,40,25,21,29
Anuradhapura,2026,40,29,25,33
Badulla,2026,40,42,36,48
Batticaloa,2026,40,43,37,49
Colombo,2026,40,170,144,196
Galle,2026,40,107,91,123
Gampaha,2026,40,139,118,160
Hambantota,2026,40,41,35,47
Jaffna,2026,40,20,17,23
Kalmunai,2026,40,45,38,52
Kalutara,2026,40,135,115,155
Kandy,2026,40,134,114,154
Kegalle,2026,40,104,88,120
Kilinochchi,2026,40,6,4,8
Kurunegala,2026,40,66,56,76
Mannar,2026,40,2,0,4
Matale,2026,40,47,40,54
Matara,2026,40,82,70,94
Monaragala,2026,40,42,36,48
Mullaitivu,2026,40,7,5,9
Nuwara Eliya,2026,40,20,17,23
Polonnaruwa,2026,40,13,11,15
Puttalam,2026,40,36,31,41
Ratnapura,2026,40,108,92,124
Trincomalee,2026,40,10,8,12
Vavuniya,2026,40,6,4,8
